순위,등급,점수,신뢰도,업체명,유형,URL,B2B근거,카테고리,가격표본,MOQ,배송·직배송,연락수단,선정이유,질문,위험,확인일,근거URL
1,1차,90,HIGH,코레카,제조·수입·도매,"https://koreca.net/","사업자등록증 승인 후 도매 공급가·재고 확인 가능한 도매업자 전용몰","일반·특수 장갑;안전화;보호구","핸드맥스 파워컷플러스그립 534 공개 예시 8000원;VAT 별도","1켤레부터 표시","15시 이전 당일출고;10만원 이상 무료배송;최종고객 직배송 확인 필요","1566-7323;market@koreca.co.kr","일반 작업장갑 0개 공백과 재고·주문 운영을 동시에 해결 가능","온라인 재판매 승인;중립포장;CSV/API;이미지 사용권;가격 할인구간","승인 전 실제 공급가 비공개;상품 데이터 재사용 조건 미확인",2026-08-06,"https://koreca.net/goods/catalog?code=00060003 | https://m.koreca.net/member/login | https://koreca.net/intro/member_only?return_url=%2F"
2,1차,86,HIGH,크레텍,산업재 B2B 유통,"https://www.cretec.kr/","1400개 메이커·14만 품목 공급;CTX 전자주문;공구상 판매몰·가격표 연동","PPE;공구;계측;용접;시설 안전","3M·K2·OTOS 등 안전 브랜드 취급;공개 숫자 단가 없음","거래계약 확인 필요","익일배송 체계 근거;최종고객 직배송 확인 필요","공식 고객 문의;CTX 신규 거래 문의","단일 브랜드가 아닌 광범위 도매꾹 대체와 데이터 연동 가능성","온라인 판매 사업자 CTX 자격;도매가;중립포장;SKU·이미지·재고 피드;반품","거래형 공구상 중심일 수 있음;가격·재판매 조건 비공개",2026-08-06,"https://www.cretec.kr/kor/business/summary.jsp | https://chegim.kr/kor/business/ctx.jsp | https://www.cretec.kr/webzine/sub/wz_view.jsp?bid=1&col=&num=3592&pg=1&sw=&wz="
3,1차,82,MEDIUM,아주세이프티,안전용품 전문 유통,"https://www.ajusafety.com/","1981년 설립;전국 도매협력사;직거래 가격협의 제품","PPE;건설·도로;소방;의료·구호;계측;표지","알곤장갑·용접보호구 가격협의","확인 필요","신속 공급·A/S 표방;직배송·중립포장 확인 필요","02-2267-3902;ajusafety@hanmail.net","안전 전 분야와 도매협력사 근거가 있어 범용 주 공급처 가능성","도매협력 조건;가격표;MOQ;VAT·배송;직배송;상품자료 사용권","공개 숫자 가격·재고·데이터 방식 없음",2026-08-06,"https://www.ajusafety.com/ | https://www.ajusafety.com/contact | https://blog.daara.co.kr/sell_list.html?cid=ajusafety"
4,2차,83,HIGH,서브원,기업 MRO 구매 플랫폼,"https://www.serveone.co.kr/","기업회원 전용 산업재몰;1인 사업자부터 도입;100만여 품목;자동발주·재고 가시화","안전용품;장갑;안전화;호흡기;시설안전","3M 귀마개 등 취급;기업 로그인·견적 필요","계약별 확인 필요","전국 물류·배송 이력;최종고객 직배송 확인 필요","02-6740-8550;mroservice@serveone.co.kr","대규모 품목·데이터·물류 역량","재판매 사업자 공급;최종고객 직배송;상품정보 사용;최소 계약규모","구매대행 고객용 구조라 온라인 재판매 허용 여부가 핵심 미확인",2026-08-06,"https://www.serveone.co.kr/kr/support/new-introduction-guide.do | https://www.serveone.co.kr/kr/purchasing-service/mro.do | https://m.serveone.co.kr/m/kr/purchasing-service/business/consumable-materials.do"
5,2차,81,HIGH,아이마켓코리아,기업 MRO·전문유통,"https://www.imarketkorea.com/","MRO 구매대행;전문유통;대형 물류센터와 기업용 플랫폼","공구;건설현장 안전용품;PPE","K2 하이터치2 상품 확인;가격은 VAT 별도 로그인형","확인 필요","통합 물류;최종고객 직배송 확인 필요","공식 사업 문의;02-3708-5257","MRO 소싱·물류·IT를 함께 보유","재판매 계정;가격표;직배송;재고·송장 피드;이미지 권한","Coreable 같은 판매자 대상 조건 미확인",2026-08-06,"https://www.imarketkorea.com/ | https://www.imarket.co.kr/p/1039717670"
6,2차,79,HIGH,나눔테크,AED 제조사,"https://www.nanoomtech.com/","공식몰·나라장터 다수공급자계약과 문의 채널","AED;보관함;교육용 AED","ReHeart NT-381.C 1980000원;벽걸이함 220000원;VAT 확인 필요","1대 가능 여부 확인 필요","조달 납기 30일;일반 직배송·설치 확인 필요","070-4493-4051","Coreable AED 0개 공백을 공식 제조사로 보완","온라인 재판매;도매가;VAT;설치·교육;소모품;의료기기 자료;직배송","재판매 권한과 설치·사후관리 책임 미확인",2026-08-06,"https://www.nanoomtech.com/data/file/download/381C.pdf"
7,2차,78,HIGH,엔투비,기업 MRO 구매 플랫폼,"https://mro.entob.com/","표준 상품 DB;스마트 구매 플랫폼;우수공급사 기반 공급망","MRO;일반·안전 소모성 자재","대표 안전용품 가격은 로그인·견적 필요","계약별 확인 필요","기업 납품 체계;최종고객 직배송 확인 필요","공식 구매서비스 문의","데이터 표준화와 공급망 운영 강점","소형 온라인 판매자 계약;재판매;직배송;상품 피드;최소 거래액","재판매용 공급 모델인지 미확인",2026-08-06,"https://mro.entob.com/homepage/BusiInfo.jsp | https://mro.entob.com/homepage/CmpyInfo.jsp"
8,2차,76,HIGH,아일라글로벌(카멜로),안전장갑·의류 제조사,"https://www.kamelo24.com/","1980년부터 산업안전용품 제조;국내·베트남 생산;공식 판매몰","일반·용접·절연·진동·방한·방수 장갑;보호복","808-L 7500원+배송3000원;도매꾹 6800원+3300원","소매 1켤레;도매 MOQ 확인 필요","3만원 이상 무료배송;반품 편도3000원;직배송·중립포장 확인 필요","02-6925-0882;islaglobal0709@gmail.com","제조사 직접 협상과 일반 작업장갑 확장 가능","도매가·MOQ;808-L 할인구간;중립포장;이미지·인증자료;송장","공식몰 소매가는 도매꾹보다 낮지 않음;도매 조건 비공개",2026-08-06,"https://kamelo24.com/service/company.php | https://www.kamelo24.com/goods/goods_view.php?goodsNo=1000000012 | https://domeggook.com/SdvvwJ"
9,2차,74,HIGH,가스트론,가스감지기 제조사,"https://gastron.com/","1992년 설립 제조사;제품별 문의·공식 온라인몰 문의;사업자·연락처 공개","휴대·고정·무선 가스감지기;경광등;수신반","GFM-500C 휴대용 5가스 감지기 견적 필요","확인 필요","설치·교정·A/S와 직배송 확인 필요","031-490-0800;info@gastron.com","가스·스마트 가스·IoT 공백에 직접 부합","유통 공급가;재판매 모델;교정 책임;KCs 자료;데이터 연동;납기","프로젝트형 장비 비중이 높고 공개 단가 없음",2026-08-06,"https://www.gastron.com/home/m_board.php?ps_category=2&ps_db=productNew | https://gastron.com/home/m_board.php?ps_db=manual"
10,2차,73,HIGH,센코,가스센서·감지기 제조사,"https://senkosys.co.kr/","20년 이상 제조;산업·환경 맞춤 솔루션;IoT·클라우드 연동","휴대·고정 가스감지기;스마트 가스;미세먼지 센서","iGas Detector CO2 견적 필요","확인 필요","유지보수·시스템 통합 지원;일반 직배송 확인 필요","031-492-0445","가스·분진·IoT 계측 공백과 스마트 연동 적합","유통 공급가;재판매;교정·A/S;KC/KCs;API;납기·직배송","공개 가격과 유통 정책 없음",2026-08-06,"https://en.senkosys.co.kr/about/about.php | https://en.senkosys.co.kr/product/view.php?prod_idx=13 | https://en.senkosys.co.kr/market/semiconductor.php"
11,2차,72,HIGH,한국드레가,산업안전 제조·솔루션,"https://www.draeger.com/ko_kr/Safety/Industrial-Safety-Solutions","산업 고객 견적 요청과 한국 법인 연락 채널","가스검지;호흡보호;보호복;화학 안전","X-am 계열 휴대 가스검지기 견적 필요","확인 필요","컨설팅·설계·서비스;소매 직배송 확인 필요","공식 견적 요청;한국드레가 연락","고위험·전문 장비 카테고리 보완","공식 총판;온라인 재판매;공급가;교정·A/S;자료 사용;납기","고가 전문장비이며 재판매·직배송 정책 미확인",2026-08-06,"https://www.draeger.com/ko_kr/Safety/Industrial-Safety-Solutions | https://www.draeger.com/ko_kr/About-Draeger | https://www.draeger.com/Content/Documents/Content/Draeger-Safety-Catalogue-Korea-2025.pdf"
12,2차,70,HIGH,오토스,PPE 제조사,"https://www.otos.co.kr/","국내 보안경·용접면·보안면·장갑 제조;공식 최신 카탈로그·문의","보안경;용접면;보안면;기능성 장갑;PAPR","S-506BX 제조사 가격 비공개;시장2620원+배송3000원;Coreable5000원","확인 필요","판매처·도매 배송 조건 확인 필요","공식 Q&A;카탈로그 내 전화","제품·인증 자료가 풍부하고 PPE 보완 가능","공식 도매처;S-506BX 공급가;MOQ;직배송;이미지·인증 사용","보안경·용접장갑은 Coreable 과다 카테고리;도매 조건 비공개",2026-08-06,"https://www.otos.co.kr/page/sub1_2 | https://www.otos.co.kr/bbs/catalog/9001 | https://www.otos.co.kr/product/product_list.htm?product_category=05000000 | https://prod.danawa.com/info/?pcode=10727427"
13,2차,68,HIGH,K2 Safety,PPE 제조·브랜드,"https://k2safety.co.kr/","공식 제조 브랜드·온라인몰과 산업안전 전시·B2B 소개 근거","작업장갑;안전화;안전대;작업복;보호대","하이터치2 NBR장갑 1600원;LT-106 안전화 110000원","소매 1개;도매 MOQ 확인 필요","소매 배송·반품 확인 가능;B2B 직배송 확인 필요","공식몰 고객센터","일반 작업장갑과 안전대 등 브랜드 상품 확대","도매/총판 연결;할인구간;중립포장;재고 피드;브랜드 이미지 권한","공식 소매가만 확인;도매·데이터 조건 없음",2026-08-06,"https://k2safety.co.kr/ | https://www.safetyshow.co.kr/kor/intro/co-list-view.asp?midx=530 | https://k2safety.tradekorea.com/main.do"
14,2차,67,MEDIUM,더에이치투(UVEX KOREA),UVEX 공식 유통몰,"https://uvexkorea.co.kr/","사업자·통신판매 정보;상품별 대량구매문의","보안경;헬멧;보호장비","UVEX lgl32 84000원;배송3000원·5만원 이상 무료","대량구매 조건 확인 필요","CJ대한통운;반품지 공개;직배송 확인 필요","02-514-9801","공식 유통·대량구매 창구와 고급 PPE 보완","산업 PPE 도매가;공식 유통 범위;재판매·이미지 사용;중립포장","스포츠 상품 비중과 산업 PPE 도매 범위 불명확",2026-08-06,"https://uvexkorea.co.kr/member/login.html | https://uvexkorea.co.kr/product/uvex%EC%9A%B0%EB%B2%A1%EC%8A%A4-lgl32-%ED%99%94%EC%9D%B4%ED%8A%B8-%EA%B7%B8%EB%A6%B0%EB%AF%B8%EB%9F%AC/890/category/1/display/21/"
15,2차,65,MEDIUM,한국소방공사,소방·AED 전문 유통,"https://able119.co.kr/","상품별 대량구매문의;사업자·통신판매 정보 공개","AED;소방;구조·구급","나눔테크 Heart Keeper AED 가격 문의","확인 필요","설치·교육 제공 표기;직배송·중립포장 확인 필요","공식몰 대량구매문의","AED와 응급 장비 공백 보완","도매가;설치·교육;소모품;직배송;송장;재판매 권한","카테고리가 소방·AED 중심이며 공급가 비공개",2026-08-06,"https://able119.co.kr/product/detail.html?cate_no=366&display_group=1&product_no=3201"
16,2차,64,MEDIUM,클릭스포츠,K2 안전용품 유통,"https://www.clicksports.co.kr/","기업 대량공급·도매 견적 안내","K2 안전화;작업화;안전용품","K2 안전화 공개 소매 목록;도매 견적 필요","확인 필요","기업 납품 가능;중립포장·직배송 확인 필요","공식몰 견적 문의","K2 제조사보다 실무 도매 협상 창구일 가능성","공식 대리점 범위;도매가;직배송;재고·이미지 권한","제조사 공식 지정·데이터 사용 근거 추가 확인 필요",2026-08-06,"https://www.clicksports.co.kr/goods/goods_list.php?cateCd=021002"
17,2차,63,HIGH,한국쓰리엠,PPE 제조사,"https://www.3m.co.kr/3M/ko_KR/worker-health-safety-kr/","산업안전 사업과 공식 문의·제품 카탈로그","호흡;청력;보안경;추락;보호복","EAR H9A 공급가 비공개;Coreable 47700원","공식 총판 조건 확인 필요","총판 배송·직배송 확인 필요","3M 공식 문의","브랜드 신뢰와 광범위 PPE","온라인 재판매 가능한 총판;H9A·6200 가격표;이미지·SDS·인증 권한","제조사 직접 공급보다 총판 소개 가능성이 큼",2026-08-06,"https://www.3msafety.co.kr/3M/ko_KR/worker-health-safety-kr/safety-equipment/industrial-safety-products/ | https://multimedia.3m.com/mws/media/1381054O/3m-ppe-catalog-full.pdf | https://coreable-saf.com/api/products?q=H9A&size=20"
18,보류,58,HIGH,한스산업,안전화 제조사,"https://www.okhans.com/","국내·베트남 생산;연 120만 족;주문제작화 제품군","안전화;절연·정전·크린룸화","HS-94-1 등 가격 비공개","확인 필요","국내 도매·직배송 확인 필요","042-523-8278;hans3355@daum.net","안전화 제조 안정성","도매 거래;가격표;MOQ;직배송;상품자료","Coreable 안전화가 이미 79개이고 도매 조건이 비공개",2026-08-06,"https://www.okhans.com/theme/basic/subpages_ko/company01.php | https://www.okhans.com/bbs/board.php?bo_table=product"
19,보류,57,MEDIUM,성안세이브(SSEDA),안전모 제조사,"https://www.thesseda.com/","제조사 공식 카탈로그·공장 정보","안전모;보안경 결합 안전모","SAHM 계열 가격 비공개","확인 필요","확인 필요","카탈로그 연락처 확인 필요","국내 안전모 제조·인증 자료","도매처;가격;MOQ;직배송;카탈로그 이미지 사용","공식 거래 페이지·현재 가격·운영 조건 부족",2026-08-06,"https://www.thesseda.com/ecatalog/pdf/sseda_mob.pdf"
20,보류,56,MEDIUM,국제안전물산,안전장갑 제조·PPE 수입,"https://www.safetyshow.co.kr/kor/down/KISS%202019_Official%20Directory.pdf","1973년 설립;안전장갑 제조;ATG·MOLDEX 수입유통 전시 디렉터리 근거","일반·특수 장갑;호흡;청력","공개 가격 없음","확인 필요","확인 필요","전시 디렉터리 연락처","일반 작업장갑과 호흡·청력 공급 가능성","현재 공식 사이트;도매가;브랜드 유통권;직배송;자료 제공","2019 디렉터리 이후 현재 거래 채널 직접 검증 부족",2026-08-06,"https://www.safetyshow.co.kr/kor/down/KISS%202019_Official%20Directory.pdf"
21,보류,55,MEDIUM,SG생활안전,종합 안전 제조·서비스,"https://www.safetyshow.co.kr/kor/intro/co-list-view.asp?midx=3277","산업·생활·해양·EV·방호 5개 분야 제조·서비스 공식 전시 근거","호흡보호;가스;화학;구조·방호","공개 가격 없음","확인 필요","공식 대리점 유통 확인 필요","KISS 참가업체 연락처","전문 호흡·방호 장비 공백 보완 가능","온라인 재판매;공식 대리점;가격;A/S;직배송;자료 권한","Coreable용 거래 채널과 가격 근거 부족",2026-08-06,"https://www.safetyshow.co.kr/kor/intro/co-list-view.asp?midx=3277 | https://sg119.creatorlink.net/"
22,보류,54,LOW,도부라이프텍,호흡보호구 제조사,"https://job.gg.go.kr/empmn/desEntDtl.do?bizrno=1268146947","방진·방독·화재대피 마스크 제조와 공공 납품 이력","방진·방독마스크;대피용 마스크","공개 현재 가격 없음","확인 필요","확인 필요","공개 기업 연락처 확인 필요","호흡보호 제조·납품 경험","현재 공식 사이트;도매가;재판매;인증;직배송;이미지 권한","현재 공식 근거와 연락 채널을 충분히 검증하지 못함",2026-08-06,"https://job.gg.go.kr/empmn/desEntDtl.do?bizrno=1268146947 | https://oshri.kosha.or.kr/_custom/kosha/_common/board/index/452.do?articleNo=419899&attachNo=237223&mode=download"
